{"cameraMode":{"drawMode":0,"name":"Shaded","section":"Shading Mode"},"sceneLighting":false,"audioPlay":false,"sceneViewState":{"m_AlwaysRefresh":false,"showFog":true,"showSkybox":false,"showFlares":true,"showImageEffects":true,"showParticleSystems":true,"showVisualEffectGraphs":true,"m_FxEnabled":true},"in2DMode":false,"pivot":{"x":7.059999942779541,"y":1.2400000095367432,"z":10.470000267028809},"rotation":{"x":-0.03639402613043785,"y":0.10354914516210556,"z":0.0038455836474895479,"w":0.99403315782547},"size":0.17483165860176087,"orthographic":false}